# grupo	entrada (\t \n = tab/salto)	producto esperado (fuente de referencia)
Alimento OFF	3017620422003	Nutella 400 g (Ferrero, FR)
Alimento OFF	5449000000996	Coca-Cola 330 ml (BE)
Alimento OFF	8000500310427	Kinder Bueno
Alimento OFF	8076800195057	Barilla Spaghetti n.5
Alimento OFF	9002490100070	Red Bull 250 ml
Alimento OFF	8000500037560	Ferrero Rocher
Alimento OFF	7622210449283	Oreo (Mondelez)
Alimento OFF	7501055363056	Producto MX (código usado en las pruebas)
Cuba 850	8501110080255	Havana Club Añejo 3 Años 0,7 l
Cuba 850	8501110080231	Havana Club (otra presentación)
Cuba 850	8501110080248	Havana Club (otra presentación)
Cuba 850	8501110089982	Havana Club (otra presentación)
UPC-A EE.UU.	041331124669	Goya Black Beans
UPC-A EE.UU.	041331020671	Goya sopa de frijoles
UPC-A EE.UU.	041331020817	Goya (otra)
UPC-A EE.UU.	049000006346	Coca-Cola lata (UPC-A expandido de 04963406)
Cosmético OBF	4005900756152	Nivea Creme 250 ml
Cosmético OBF	4005900107305	Nivea Men Creme
Cosmético OBF	4005900980298	Nivea Soft
Cosmético OBF	4005900259615	Nivea sin nombre en OBF (la cadena debe seguir)
Hogar OPF	5000394140851	Duracell AA (OPF)
Electro UPCitemdb	041333214016	Duracell (UPCitemdb)
Electro UPCitemdb	041333662176	Duracell Quantum AA (UPCitemdb)
Electro UPCitemdb	041333630014	Duracell (UPCitemdb)
Electro UPCitemdb	885909950805	Apple (prefijo 885909)
Libro ISBN	9780140449136	The Odyssey (Penguin Classics)
Libro ISBN	9788497592208	Libro en español (ISBN 978-84)
UPC-E	04963406	Coca-Cola lata 12 oz (UPC-E)
EAN-8	96385074	Ejemplo de generador (puede no existir)
EAN-8	40170725	Tic Tac (EAN-8 Ferrero)
GTIN-14	00041331124669	Goya Black Beans con ceros a la izquierda
GTIN-14	03017620422003	Nutella como GTIN-14
Entrada manual	 3017620422003 	Nutella con espacios
Entrada manual	301-7620-422003	Nutella con guiones
Entrada manual	0 41331 12466 9	Goya escrito como en la etiqueta
Entrada manual	\t3017620422003\n	Nutella con tab/salto (lector externo)
Inválido	3017620422004	Dígito de control erróneo
Inválido	0000000000000	Todo ceros (dígito válido)
Inválido	2012345678903	Circulación restringida (peso/precio en tienda)
Inválido	0140449132	ISBN-10 (10 dígitos)
Inválido	12345678901	11 dígitos
Inválido	ABC-123	Código interno Code128
Inválido	https://spvi.cu/p?id=7	Texto de un QR
Inválido	123456789012345	15 dígitos
