entrada	nota	fase	aviso	fuente	nombre_escaner	foto_pedida	route_codigo	route_nombre	form_codigo	form_nombre	codigo_tras_editar(FiltroEntrada.CODIGO)	guardar
3017620422003	OFF, nombre corto	RESULTADO		OPEN_FOOD_FACTS	Nutella	https://images.openfoodfacts.org/images/products/301/762/042/2003/front_en.879.400.jpg	3017620422003	Nutella	3017620422003	Nutella	3017620422003	GUARDADO codigo=3017620422003
8501110080255	Cuba (850), OFF en español	RESULTADO		OPEN_FOOD_FACTS	Ron añejo 3 años	https://images.openfoodfacts.org/images/products/850/111/008/0255/front_es.46.400.jpg	8501110080255	Ron añejo 3 años	8501110080255	Ron añejo 3 años	8501110080255	GUARDADO codigo=8501110080255
4005900756152	OBF	RESULTADO		OPEN_BEAUTY_FACTS	Nivea Creme	https://images.openbeautyfacts.org/images/products/400/590/075/6152/front_de.4.400.jpg	4005900756152	Nivea Creme	4005900756152	Nivea Creme	4005900756152	GUARDADO codigo=4005900756152
5000394140851	OPF	RESULTADO		OPEN_PRODUCTS_FACTS	AA batteries		5000394140851	AA batteries	5000394140851	AA batteries	5000394140851	GUARDADO codigo=5000394140851
4005900980298	OBF sin imagen	RESULTADO		OPEN_BEAUTY_FACTS	nivea soft		4005900980298	nivea soft	4005900980298	nivea soft	4005900980298	GUARDADO codigo=4005900980298
041333214016	UPCitemdb, nombre de 157 caracteres, imagen http	RESULTADO		UPCITEMDB	Duracell Coppertop C Batteries, 2 Count Pack, C Battery with Long-lasting Power,		041333214016	Duracell Coppertop C Batteries, 2 Count Pack, C Battery with Long-lasting Power,	041333214016	Duracell Coppertop C Batteries, 2 Count Pack, C Battery with Long-lasting Power,	041333214016	GUARDADO codigo=041333214016
40170725	UPCitemdb, EAN-8, MAYÚSCULAS, espacios dobles, corte a mitad de palabra	RESULTADO		UPCITEMDB	2 PCS GORILLA GLUE 100% WATERPROOF 115ML MULTI PURPOSE STRONG ADHESIVE BOND  HIG		40170725	2 PCS GORILLA GLUE 100% WATERPROOF 115ML MULTI PURPOSE STRONG ADHESIVE BOND  HIG	40170725	2 PCS GORILLA GLUE 100% WATERPROOF 115ML MULTI PURPOSE STRONG ADHESIVE BOND  HIG	40170725	GUARDADO codigo=40170725
9788497592208	UPCitemdb, libro con tildes	RESULTADO		UPCITEMDB	Cien Años de Soledad by , Gabriel García Márquez	https://images.BetterWorldBooks.com/849/Cien-Anos-De-Soledad-Garcia-Marquez-9788497592208.jpg	9788497592208	Cien Años de Soledad by , Gabriel García Márquez	9788497592208	Cien Años de Soledad by , Gabriel García Márquez	9788497592208	GUARDADO codigo=9788497592208
04963406	UPC-E (Coca-Cola lata)	RESULTADO	NO_CONSULTABLE				04963406	Producto de prueba	04963406	Producto de prueba	04963406	GUARDADO codigo=04963406
0 41331 12466 9	UPC-A tecleado como en la etiqueta	RESULTADO		OPEN_FOOD_FACTS	Black Beans	https://images.openfoodfacts.org/images/products/004/133/112/4669/front_en.141.400.jpg	041331124669	Black Beans	041331124669	Black Beans	041331124669	GUARDADO codigo=041331124669
https://spvi.cu/p?id=7	texto de un QR	RESULTADO	NO_CONSULTABLE				https://spvi.cu/p?id=7	Producto de prueba	https://spvi.cu/p?id=7	Producto de prueba	httpsspvi.cupid7	ERRORES {codigo=Solo letras, números, punto, guion o guion bajo (de 3 a 64).}
SPVI-LOTE-2026-10-03-ABCDEFGHIJKLMNOPQRSTUVWXYZ-0123456789	Code128 interno de 58 caracteres	RESULTADO	NO_CONSULTABLE				SPVILOTE20261003ABCDEFGHIJKLMNOPQRSTUVWXYZ0123456789	Producto de prueba	SPVILOTE20261003ABCDEFGHIJKLMNOPQRSTUVWXYZ0123456789	Producto de prueba	SPVILOTE20261003ABCDEFGHIJKLMNOPQRSTUVWXYZ012345	GUARDADO codigo=SPVILOTE20261003ABCDEFGHIJKLMNOPQRSTUVWXYZ0123456789
2012345678903	circulación restringida (etiqueta de peso/precio de la tienda)	RESULTADO	NO_ENCONTRADO				2012345678903	Producto de prueba	2012345678903	Producto de prueba	2012345678903	GUARDADO codigo=2012345678903
