grupo	entrada	normalizado	consulta	resultado	fuente	nombre	nombre_formulario	validacion	observaciones_nombre	imagen	imagen_http	bases	ms_total	esperado
Alimento OFF	3017620422003	3017620422003	sí	Encontrado	OPEN_FOOD_FACTS	Nutella	Nutella	OK		https://images.openfoodfacts.org/images/products/301/762/042/2003/front_en.879.400.jpg	images.openfoodfacts.org: OK image/jpeg 33108B	OPEN_FOOD_FACTS:SI/798ms	807	Nutella 400 g (Ferrero, FR)
Alimento OFF	5449000000996	5449000000996	sí	Encontrado	OPEN_FOOD_FACTS	Coca-Cola Original	Coca-Cola Original	OK		https://images.openfoodfacts.org/images/products/544/900/000/0996/front_en.1129.400.jpg	images.openfoodfacts.org: OK image/jpeg 11732B	OPEN_FOOD_FACTS:SI/167ms	167	Coca-Cola 330 ml (BE)
Alimento OFF	8000500310427	8000500310427	sí	Encontrado	OPEN_FOOD_FACTS	Biscuits NUTELLA Biscuits Noisettes et Cacao x22 - 304g	Biscuits NUTELLA Biscuits Noisettes et Cacao x22 - 304g	OK		https://images.openfoodfacts.org/images/products/800/050/031/0427/front_fr.577.400.jpg	images.openfoodfacts.org: OK image/jpeg 37045B	OPEN_FOOD_FACTS:SI/162ms	163	Kinder Bueno
Alimento OFF	8076800195057	8076800195057	sí	Encontrado	OPEN_FOOD_FACTS	Spaghetti Nº5	Spaghetti Nº5	OK		https://images.openfoodfacts.org/images/products/807/680/019/5057/front_en.3881.400.jpg	images.openfoodfacts.org: OK image/jpeg 11468B	OPEN_FOOD_FACTS:SI/163ms	164	Barilla Spaghetti n.5
Alimento OFF	9002490100070	9002490100070	sí	Encontrado	OPEN_FOOD_FACTS	Red Bull	Red Bull	OK		https://images.openfoodfacts.org/images/products/900/249/010/0070/front_en.245.400.jpg	images.openfoodfacts.org: OK image/jpeg 16485B	OPEN_FOOD_FACTS:SI/161ms	162	Red Bull 250 ml
Alimento OFF	8000500037560	8000500037560	sí	Encontrado	OPEN_FOOD_FACTS	bueno	bueno	OK		https://images.openfoodfacts.org/images/products/800/050/003/7560/front_en.298.400.jpg	images.openfoodfacts.org: OK image/jpeg 24151B	OPEN_FOOD_FACTS:SI/158ms	159	Ferrero Rocher
Alimento OFF	7622210449283	7622210449283	sí	Encontrado	OPEN_FOOD_FACTS	Prince	Prince	OK		https://images.openfoodfacts.org/images/products/762/221/044/9283/front_en.605.400.jpg	images.openfoodfacts.org: OK image/jpeg 29961B	OPEN_FOOD_FACTS:SI/161ms	161	Oreo (Mondelez)
Alimento OFF	7501055363056	7501055363056	sí	NoEncontrado								OPEN_FOOD_FACTS:no/150ms OPEN_BEAUTY_FACTS:no/763ms OPEN_PRODUCTS_FACTS:no/757ms UPCITEMDB:no/308ms	1981	Producto MX (código usado en las pruebas)
Cuba 850	8501110080255	8501110080255	sí	Encontrado	OPEN_FOOD_FACTS	Ron añejo 3 años	Ron añejo 3 años	OK		https://images.openfoodfacts.org/images/products/850/111/008/0255/front_es.46.400.jpg	images.openfoodfacts.org: OK image/jpeg 23957B	OPEN_FOOD_FACTS:SI/159ms	160	Havana Club Añejo 3 Años 0,7 l
Cuba 850	8501110080231	8501110080231	sí	Encontrado	OPEN_FOOD_FACTS	Havana Club 3 ans	Havana Club 3 ans	OK		https://images.openfoodfacts.org/images/products/850/111/008/0231/front_fr.47.400.jpg	images.openfoodfacts.org: OK image/jpeg 31152B	OPEN_FOOD_FACTS:SI/157ms	158	Havana Club (otra presentación)
Cuba 850	8501110080248	8501110080248	sí	Encontrado	UPCITEMDB	(3) Full Size Cuban Rum Empty Havana Club, Glorias De Cuba 7 Year,3 Year,oro	(3) Full Size Cuban Rum Empty Havana Club, Glorias De Cuba 7 Year,3 Year,oro	OK				OPEN_FOOD_FACTS:no/150ms OPEN_BEAUTY_FACTS:no/151ms OPEN_PRODUCTS_FACTS:no/148ms UPCITEMDB:SI/69ms	520	Havana Club (otra presentación)
Cuba 850	8501110089982	8501110089982	sí	Encontrado	OPEN_FOOD_FACTS	Rhum	Rhum	OK		https://images.openfoodfacts.org/images/products/850/111/008/9982/front_fr.3.400.jpg	images.openfoodfacts.org: OK image/jpeg 21017B	OPEN_FOOD_FACTS:SI/154ms	155	Havana Club (otra presentación)
UPC-A EE.UU.	041331124669	041331124669	sí	Encontrado	OPEN_FOOD_FACTS	Black Beans	Black Beans	OK		https://images.openfoodfacts.org/images/products/004/133/112/4669/front_en.141.400.jpg	images.openfoodfacts.org: OK image/jpeg 25755B	OPEN_FOOD_FACTS:SI/156ms	156	Goya Black Beans
UPC-A EE.UU.	041331020671	041331020671	sí	Encontrado	OPEN_FOOD_FACTS	Black Bean Soup	Black Bean Soup	OK		https://images.openfoodfacts.org/images/products/004/133/102/0671/front_en.12.400.jpg	images.openfoodfacts.org: OK image/jpeg 23705B	OPEN_FOOD_FACTS:SI/154ms	154	Goya sopa de frijoles
UPC-A EE.UU.	041331020817	041331020817	sí	Encontrado	OPEN_FOOD_FACTS	Black Bean Soup	Black Bean Soup	OK		https://images.openfoodfacts.org/images/products/004/133/102/0817/front_en.9.400.jpg	images.openfoodfacts.org: OK image/jpeg 37041B	OPEN_FOOD_FACTS:SI/157ms	157	Goya (otra)
UPC-A EE.UU.	049000006346	049000006346	sí	Encontrado	OPEN_FOOD_FACTS	Coca cola can cokes LG	Coca cola can cokes LG	OK		https://images.openfoodfacts.org/images/products/004/900/000/6346/front_en.16.400.jpg	images.openfoodfacts.org: OK image/jpeg 18992B	OPEN_FOOD_FACTS:SI/154ms	155	Coca-Cola lata (UPC-A expandido de 04963406)
Cosmético OBF	4005900756152	4005900756152	sí	Encontrado	OPEN_BEAUTY_FACTS	Nivea Creme	Nivea Creme	OK		https://images.openbeautyfacts.org/images/products/400/590/075/6152/front_de.4.400.jpg	images.openbeautyfacts.org: OK image/jpeg 28835B	OPEN_FOOD_FACTS:no/154ms OPEN_BEAUTY_FACTS:SI/157ms	312	Nivea Creme 250 ml
Cosmético OBF	4005900107305	4005900107305	sí	Encontrado	OPEN_BEAUTY_FACTS	Nivea Men Creme	Nivea Men Creme	OK		https://images.openbeautyfacts.org/images/products/400/590/010/7305/front_de.7.400.jpg	images.openbeautyfacts.org: OK image/jpeg 26868B	OPEN_FOOD_FACTS:no/151ms OPEN_BEAUTY_FACTS:SI/156ms	308	Nivea Men Creme
Cosmético OBF	4005900980298	4005900980298	sí	Encontrado	OPEN_BEAUTY_FACTS	nivea soft	nivea soft	OK				OPEN_FOOD_FACTS:no/153ms OPEN_BEAUTY_FACTS:SI/155ms	309	Nivea Soft
Cosmético OBF	4005900259615	4005900259615	sí	Encontrado	OPEN_BEAUTY_FACTS	protector solar Nivea 50 fps 200 ml	protector solar Nivea 50 fps 200 ml	OK		https://images.openbeautyfacts.org/images/products/400/590/025/9615/front_es.11.400.jpg	images.openbeautyfacts.org: OK image/jpeg 18501B	OPEN_FOOD_FACTS:no/150ms OPEN_BEAUTY_FACTS:SI/155ms	306	Nivea sin nombre en OBF (la cadena debe seguir)
Hogar OPF	5000394140851	5000394140851	sí	Encontrado	OPEN_PRODUCTS_FACTS	AA batteries	AA batteries	OK				OPEN_FOOD_FACTS:ERR(Http(code=429))/147ms OPEN_BEAUTY_FACTS:no/154ms OPEN_PRODUCTS_FACTS:SI/150ms	458	Duracell AA (OPF)
Electro UPCitemdb	041333214016	041333214016	sí	Encontrado	UPCITEMDB	Duracell Coppertop C Batteries, 2 Count Pack, C Battery with Long-lasting Power	Duracell Coppertop C Batteries, 2 Count Pack, C Battery with Long-lasting Power	OK		https://images.frys.com/art/product/300x300/5700922.01.prod.jpg	images.frys.com: ERROR UnknownHostException | images.thdstatic.com: OK image/jpeg 60128B	OPEN_FOOD_FACTS:no/151ms OPEN_BEAUTY_FACTS:no/150ms OPEN_PRODUCTS_FACTS:no/154ms UPCITEMDB:SI/74ms	532	Duracell (UPCitemdb)
Electro UPCitemdb	041333662176	041333662176	sí	Encontrado	UPCITEMDB	Duracell Quantum Alkaline Batteries, AA 4 Each	Duracell Quantum Alkaline Batteries, AA 4 Each	OK		https://media.officedepot.com/images/t_extralarge%2Cf_auto/products/976754/976754_p_duracell_quantum_aa_alkaline_batteries.jpg	media.officedepot.com: OK image/jpeg 80520B	OPEN_FOOD_FACTS:no/150ms OPEN_BEAUTY_FACTS:no/151ms OPEN_PRODUCTS_FACTS:no/147ms UPCITEMDB:SI/72ms	523	Duracell Quantum AA (UPCitemdb)
Electro UPCitemdb	041333630014	041333630014	sí	Encontrado	UPCITEMDB	Duracell Ultra Power AAA Batteries 4 Count	Duracell Ultra Power AAA Batteries 4 Count	OK		https://i5.walmartimages.com/asr/456b5ac4-d1b2-46cb-9fcd-90294e7a9486_1.c06ab1725f5a2cf20596ca2e18d6c7f0.jpeg?odnHeight=450&odnWidth=450&odnBg=ffffff	i5.walmartimages.com: OK image/jpeg 21250B	OPEN_FOOD_FACTS:no/152ms OPEN_BEAUTY_FACTS:no/152ms OPEN_PRODUCTS_FACTS:no/147ms UPCITEMDB:SI/112ms	565	Duracell (UPCitemdb)
Electro UPCitemdb	885909950805	885909950805	sí	Encontrado	UPCITEMDB	Apple iPhone 6, Space Gray, 64 GB (T-Mobile)	Apple iPhone 6, Space Gray, 64 GB (T-Mobile)	OK		https://i5.walmartimages.com/asr/816d5a79-828f-4bc9-9033-1f8f08213857_1.a409ced9502bcea4cf84e7ab7b60c58f.jpeg?odnHeight=450&odnWidth=450&odnBg=ffffff	i5.walmartimages.com: OK image/jpeg 23118B	OPEN_FOOD_FACTS:no/151ms OPEN_BEAUTY_FACTS:no/151ms OPEN_PRODUCTS_FACTS:no/148ms UPCITEMDB:SI/113ms	565	Apple (prefijo 885909)
Libro ISBN	9780140449136	9780140449136	sí	Encontrado	UPCITEMDB	Crime and Punishment - (Penguin Classics) by Fyodor Dostoyevsky (Paperback)	Crime and Punishment - (Penguin Classics) by Fyodor Dostoyevsky (Paperback)	OK		https://covers1.booksamillion.com/covers/bam/0/14/044/913/0140449132.jpg	covers1.booksamillion.com: OK image/jpeg 23893B	OPEN_FOOD_FACTS:no/150ms OPEN_BEAUTY_FACTS:no/150ms OPEN_PRODUCTS_FACTS:no/147ms UPCITEMDB:SI/70ms	520	The Odyssey (Penguin Classics)
Libro ISBN	9788497592208	9788497592208	sí	Encontrado	UPCITEMDB	Cien Años de Soledad by , Gabriel García Márquez	Cien Años de Soledad by , Gabriel García Márquez	OK		https://images.BetterWorldBooks.com/849/Cien-Anos-De-Soledad-Garcia-Marquez-9788497592208.jpg	images.BetterWorldBooks.com: OK image/jpeg 28419B	OPEN_FOOD_FACTS:no/150ms OPEN_BEAUTY_FACTS:no/151ms OPEN_PRODUCTS_FACTS:no/156ms UPCITEMDB:SI/69ms	528	Libro en español (ISBN 978-84)
UPC-E	04963406	04963406	sí, como 049000006346	Encontrado	OPEN_FOOD_FACTS	Coca cola can cokes LG	Coca cola can cokes LG	OK		https://images.openfoodfacts.org/images/products/004/900/000/6346/front_en.16.400.jpg	images.openfoodfacts.org: OK image/jpeg 18992B	OPEN_FOOD_FACTS:SI/154ms	155	Coca-Cola lata 12 oz (UPC-E)
EAN-8	96385074	96385074	sí	Encontrado	UPCITEMDB	1000x Bucks Roblox	1000x Bucks Roblox	OK		https://i16.onbuy.com/product/1d6b5f1c220d4673a0c7244c304b5186-l30563835.jpg	i16.onbuy.com: ERROR UnknownHostException	OPEN_FOOD_FACTS:no/150ms OPEN_BEAUTY_FACTS:no/727ms OPEN_PRODUCTS_FACTS:no/727ms UPCITEMDB:SI/287ms	1893	Ejemplo de generador (puede no existir)
EAN-8	40170725	40170725	sí	Encontrado	UPCITEMDB	2 PCS GORILLA GLUE 100% WATERPROOF 115ML MULTI PURPOSE STRONG ADHESIVE BOND HIGH	2 PCS GORILLA GLUE 100% WATERPROOF 115ML MULTI PURPOSE STRONG ADHESIVE BOND HIGH	OK	todo mayúsculas	https://i4.onbuy.com/product/bb179b09800a4ea58bb0fbb53d462c14-l30563912.jpg	i4.onbuy.com: ERROR UnknownHostException | www.shopjustice.com: ERROR SSLHandshakeException	OPEN_FOOD_FACTS:no/152ms OPEN_BEAUTY_FACTS:no/153ms OPEN_PRODUCTS_FACTS:no/148ms UPCITEMDB:SI/69ms	525	Tic Tac (EAN-8 Ferrero)
GTIN-14	00041331124669	00041331124669	sí	Encontrado	OPEN_FOOD_FACTS	Black Beans	Black Beans	OK		https://images.openfoodfacts.org/images/products/004/133/112/4669/front_en.141.400.jpg	images.openfoodfacts.org: OK image/jpeg 25755B	OPEN_FOOD_FACTS:SI/156ms	156	Goya Black Beans con ceros a la izquierda
GTIN-14	03017620422003	03017620422003	sí	Encontrado	OPEN_FOOD_FACTS	Nutella	Nutella	OK		https://images.openfoodfacts.org/images/products/301/762/042/2003/front_en.879.400.jpg	images.openfoodfacts.org: OK image/jpeg 33108B	OPEN_FOOD_FACTS:SI/161ms	161	Nutella como GTIN-14
Entrada manual	 3017620422003 	3017620422003	sí	Encontrado	OPEN_FOOD_FACTS	Nutella	Nutella	OK		https://images.openfoodfacts.org/images/products/301/762/042/2003/front_en.879.400.jpg	images.openfoodfacts.org: OK image/jpeg 33108B	OPEN_FOOD_FACTS:SI/161ms	161	Nutella con espacios
Entrada manual	301-7620-422003	3017620422003	sí	Encontrado	OPEN_FOOD_FACTS	Nutella	Nutella	OK		https://images.openfoodfacts.org/images/products/301/762/042/2003/front_en.879.400.jpg	images.openfoodfacts.org: OK image/jpeg 33108B	OPEN_FOOD_FACTS:SI/148ms	148	Nutella con guiones
Entrada manual	0 41331 12466 9	041331124669	sí	Encontrado	OPEN_FOOD_FACTS	Black Beans	Black Beans	OK		https://images.openfoodfacts.org/images/products/004/133/112/4669/front_en.141.400.jpg	images.openfoodfacts.org: OK image/jpeg 25755B	OPEN_FOOD_FACTS:SI/155ms	156	Goya escrito como en la etiqueta
Entrada manual	\t3017620422003\n	3017620422003	sí	Encontrado	OPEN_FOOD_FACTS	Nutella	Nutella	OK		https://images.openfoodfacts.org/images/products/301/762/042/2003/front_en.879.400.jpg	images.openfoodfacts.org: OK image/jpeg 33108B	OPEN_FOOD_FACTS:SI/147ms	147	Nutella con tab/salto (lector externo)
Inválido	3017620422004	3017620422004	no	CodigoNoConsultable									0	Dígito de control erróneo
Inválido	0000000000000	0000000000000	no	CodigoNoConsultable									0	Todo ceros (dígito válido)
Inválido	2012345678903	2012345678903	no	CodigoNoConsultable									0	Circulación restringida (peso/precio en tienda)
Inválido	0140449132	0140449132	no	CodigoNoConsultable									0	ISBN-10 (10 dígitos)
Inválido	12345678901	12345678901	no	CodigoNoConsultable									0	11 dígitos
Inválido	ABC-123	ABC-123	no	CodigoNoConsultable									0	Código interno Code128
Inválido	https://spvi.cu/p?id=7	https://spvi.cu/p?id=7	no	CodigoNoConsultable									0	Texto de un QR
Inválido	123456789012345	123456789012345	no	CodigoNoConsultable									0	15 dígitos
