grupo	entrada	normalizado	consultable	resultado	fuente	nombre	nombre_formulario	validacion	observaciones_nombre	imagen	imagen_http	bases	ms_total	esperado
Alimento OFF	3017620422003	3017620422003	true	Encontrado	OPEN_FOOD_FACTS	Nutella	Nutella	OK		https://images.openfoodfacts.org/images/products/301/762/042/2003/front_en.879.400.jpg	200 image/jpeg 33108B	OPEN_FOOD_FACTS:SI/1062ms	1068	Nutella 400 g (Ferrero, FR)
Alimento OFF	5449000000996	5449000000996	true	Encontrado	OPEN_FOOD_FACTS	Coca-Cola Original	Coca-Cola Original	OK		https://images.openfoodfacts.org/images/products/544/900/000/0996/front_en.1129.400.jpg	200 image/jpeg 11732B	OPEN_FOOD_FACTS:SI/335ms	335	Coca-Cola 330 ml (BE)
Alimento OFF	8000500310427	8000500310427	true	Encontrado	OPEN_FOOD_FACTS	Biscuits NUTELLA Biscuits Noisettes et Cacao x22 - 304g	Biscuits NUTELLA Biscuits Noisettes et Cacao x22 - 304g	OK		https://images.openfoodfacts.org/images/products/800/050/031/0427/front_fr.577.400.jpg	200 image/jpeg 37045B	OPEN_FOOD_FACTS:SI/170ms	171	Kinder Bueno
Alimento OFF	8076800195057	8076800195057	true	Encontrado	OPEN_FOOD_FACTS	Spaghetti Nº5	Spaghetti Nº5	OK		https://images.openfoodfacts.org/images/products/807/680/019/5057/front_en.3881.400.jpg	200 image/jpeg 11468B	OPEN_FOOD_FACTS:SI/182ms	182	Barilla Spaghetti n.5
Alimento OFF	9002490100070	9002490100070	true	Encontrado	OPEN_FOOD_FACTS	Red Bull	Red Bull	OK		https://images.openfoodfacts.org/images/products/900/249/010/0070/front_en.245.400.jpg	200 image/jpeg 16485B	OPEN_FOOD_FACTS:SI/167ms	167	Red Bull 250 ml
Alimento OFF	8000500037560	8000500037560	true	Encontrado	OPEN_FOOD_FACTS	bueno	bueno	OK		https://images.openfoodfacts.org/images/products/800/050/003/7560/front_en.298.400.jpg	200 image/jpeg 24151B	OPEN_FOOD_FACTS:SI/164ms	164	Ferrero Rocher
Alimento OFF	7622210449283	7622210449283	true	Encontrado	OPEN_FOOD_FACTS	Prince	Prince	OK		https://images.openfoodfacts.org/images/products/762/221/044/9283/front_en.605.400.jpg	200 image/jpeg 29961B	OPEN_FOOD_FACTS:SI/168ms	168	Oreo (Mondelez)
Alimento OFF	7501055363056	7501055363056	true	NoEncontrado								OPEN_FOOD_FACTS:no/152ms OPEN_BEAUTY_FACTS:no/746ms OPEN_PRODUCTS_FACTS:no/737ms UPCITEMDB:no/299ms	1936	Producto MX (código usado en las pruebas)
Cuba 850	8501110080255	8501110080255	true	Encontrado	OPEN_FOOD_FACTS	Ron añejo 3 años	Ron añejo 3 años	OK		https://images.openfoodfacts.org/images/products/850/111/008/0255/front_es.46.400.jpg	200 image/jpeg 23957B	OPEN_FOOD_FACTS:SI/162ms	162	Havana Club Añejo 3 Años 0,7 l
Cuba 850	8501110080231	8501110080231	true	Encontrado	OPEN_FOOD_FACTS	Havana Club 3 ans	Havana Club 3 ans	OK		https://images.openfoodfacts.org/images/products/850/111/008/0231/front_fr.47.400.jpg	200 image/jpeg 31152B	OPEN_FOOD_FACTS:SI/161ms	162	Havana Club (otra presentación)
Cuba 850	8501110080248	8501110080248	true	Encontrado	UPCITEMDB	(3) Full Size Cuban Rum Empty Havana Club, Glorias De Cuba 7 Year,3 Year,oro	(3) Full Size Cuban Rum Empty Havana Club, Glorias De Cuba 7 Year,3 Year,oro	OK				OPEN_FOOD_FACTS:no/151ms OPEN_BEAUTY_FACTS:no/151ms OPEN_PRODUCTS_FACTS:no/147ms UPCITEMDB:SI/71ms	522	Havana Club (otra presentación)
Cuba 850	8501110089982	8501110089982	true	Encontrado	OPEN_FOOD_FACTS	Rhum	Rhum	OK		https://images.openfoodfacts.org/images/products/850/111/008/9982/front_fr.3.400.jpg	200 image/jpeg 21017B	OPEN_FOOD_FACTS:SI/158ms	158	Havana Club (otra presentación)
UPC-A EE.UU.	041331124669	041331124669	true	Encontrado	OPEN_FOOD_FACTS	Black Beans	Black Beans	OK		https://images.openfoodfacts.org/images/products/004/133/112/4669/front_en.141.400.jpg	200 image/jpeg 25755B	OPEN_FOOD_FACTS:SI/161ms	161	Goya Black Beans
UPC-A EE.UU.	041331020671	041331020671	true	Encontrado	OPEN_FOOD_FACTS	Black Bean Soup	Black Bean Soup	OK		https://images.openfoodfacts.org/images/products/004/133/102/0671/front_en.12.400.jpg	200 image/jpeg 23705B	OPEN_FOOD_FACTS:SI/161ms	161	Goya sopa de frijoles
UPC-A EE.UU.	041331020817	041331020817	true	Encontrado	OPEN_FOOD_FACTS	Black Bean Soup	Black Bean Soup	OK		https://images.openfoodfacts.org/images/products/004/133/102/0817/front_en.9.400.jpg	200 image/jpeg 37041B	OPEN_FOOD_FACTS:SI/162ms	163	Goya (otra)
UPC-A EE.UU.	049000006346	049000006346	true	Encontrado	OPEN_FOOD_FACTS	Coca cola can cokes LG	Coca cola can cokes LG	OK		https://images.openfoodfacts.org/images/products/004/900/000/6346/front_en.16.400.jpg	200 image/jpeg 18992B	OPEN_FOOD_FACTS:SI/158ms	158	Coca-Cola lata (UPC-A expandido de 04963406)
Cosmético OBF	4005900756152	4005900756152	true	Encontrado	OPEN_BEAUTY_FACTS	Nivea Creme	Nivea Creme	OK		https://images.openbeautyfacts.org/images/products/400/590/075/6152/front_de.4.400.jpg	200 image/jpeg 28835B	OPEN_FOOD_FACTS:no/154ms OPEN_BEAUTY_FACTS:SI/159ms	314	Nivea Creme 250 ml
Cosmético OBF	4005900107305	4005900107305	true	Encontrado	OPEN_BEAUTY_FACTS	Nivea Men Creme	Nivea Men Creme	OK		https://images.openbeautyfacts.org/images/products/400/590/010/7305/front_de.7.400.jpg	200 image/jpeg 26868B	OPEN_FOOD_FACTS:no/152ms OPEN_BEAUTY_FACTS:SI/157ms	310	Nivea Men Creme
Cosmético OBF	4005900980298	4005900980298	true	Encontrado	OPEN_BEAUTY_FACTS	nivea soft	nivea soft	OK				OPEN_FOOD_FACTS:no/152ms OPEN_BEAUTY_FACTS:SI/155ms	308	Nivea Soft
Cosmético OBF	4005900259615	4005900259615	true	Encontrado	OPEN_BEAUTY_FACTS	protector solar Nivea 50 fps 200 ml	protector solar Nivea 50 fps 200 ml	OK		https://images.openbeautyfacts.org/images/products/400/590/025/9615/front_es.11.400.jpg	200 image/jpeg 18501B	OPEN_FOOD_FACTS:ERR(Http(code=429))/148ms OPEN_BEAUTY_FACTS:SI/155ms	310	Nivea sin nombre en OBF (la cadena debe seguir)
Hogar OPF	5000394140851	5000394140851	true	Encontrado	OPEN_PRODUCTS_FACTS	AA batteries	AA batteries	OK				OPEN_FOOD_FACTS:ERR(Http(code=429))/148ms OPEN_BEAUTY_FACTS:no/155ms OPEN_PRODUCTS_FACTS:SI/232ms	536	Duracell AA (OPF)
Electro UPCitemdb	041333214016	041333214016	true	Encontrado	UPCITEMDB	Duracell Coppertop C Batteries, 2 Count Pack, C Battery with Long-lasting Power, All-Purpose Alkaline C Battery for Household and Office Devices (B0014D3N2E)	Duracell Coppertop C Batteries, 2 Count Pack, C Battery with Long-lasting Power,	OK	largo=157>80 (cortado)	http://www.build.com/imagebase/resized/x800/Duracellimages/duracell-dmn1400b2z-23.jpg	NO-HTTPS (DescargarFoto la descarta)	OPEN_FOOD_FACTS:ERR(Http(code=429))/147ms OPEN_BEAUTY_FACTS:no/150ms OPEN_PRODUCTS_FACTS:no/147ms UPCITEMDB:SI/147ms	594	Duracell (UPCitemdb)
Electro UPCitemdb	041333662176	041333662176	true	Encontrado	UPCITEMDB	Duracell Quantum Alkaline Batteries, AA 4 Each	Duracell Quantum Alkaline Batteries, AA 4 Each	OK		http://images.lowes.com/product/converted/041333/041333662176lg.jpg	NO-HTTPS (DescargarFoto la descarta)	OPEN_FOOD_FACTS:no/151ms OPEN_BEAUTY_FACTS:no/152ms OPEN_PRODUCTS_FACTS:no/147ms UPCITEMDB:SI/88ms	540	Duracell Quantum AA (UPCitemdb)
Electro UPCitemdb	041333630014	041333630014	true	Encontrado	UPCITEMDB	Duracell Ultra Power AAA Batteries 4 Count	Duracell Ultra Power AAA Batteries 4 Count	OK		//images.lowes.com/product/converted/041333/041333630014lg.jpg	NO-HTTPS (DescargarFoto la descarta)	OPEN_FOOD_FACTS:no/151ms OPEN_BEAUTY_FACTS:no/151ms OPEN_PRODUCTS_FACTS:no/146ms UPCITEMDB:SI/79ms	530	Duracell (UPCitemdb)
Electro UPCitemdb	885909950805	885909950805	true	Encontrado	UPCITEMDB	Apple iPhone 6, Space Gray, 64 GB (T-Mobile)	Apple iPhone 6, Space Gray, 64 GB (T-Mobile)	OK		http://img.bbystatic.com/BestBuy_US/images/products/7218/7218034_sc.jpg	NO-HTTPS (DescargarFoto la descarta)	OPEN_FOOD_FACTS:no/151ms OPEN_BEAUTY_FACTS:no/152ms OPEN_PRODUCTS_FACTS:no/147ms UPCITEMDB:SI/68ms	521	Apple (prefijo 885909)
Libro ISBN	9780140449136	9780140449136	true	Encontrado	UPCITEMDB	Crime and Punishment - (Penguin Classics) by Fyodor Dostoyevsky (Paperback)	Crime and Punishment - (Penguin Classics) by Fyodor Dostoyevsky (Paperback)	OK		https://covers1.booksamillion.com/covers/bam/0/14/044/913/0140449132.jpg	403 text/html; charset=UTF-8 5623B	OPEN_FOOD_FACTS:no/152ms OPEN_BEAUTY_FACTS:no/151ms OPEN_PRODUCTS_FACTS:no/147ms UPCITEMDB:SI/84ms	536	The Odyssey (Penguin Classics)
Libro ISBN	9788497592208	9788497592208	true	Encontrado	UPCITEMDB	Cien Años de Soledad by , Gabriel García Márquez	Cien Años de Soledad by , Gabriel García Márquez	OK		https://images.BetterWorldBooks.com/849/Cien-Anos-De-Soledad-Garcia-Marquez-9788497592208.jpg	200 image/jpeg 28793B	OPEN_FOOD_FACTS:no/152ms OPEN_BEAUTY_FACTS:no/253ms OPEN_PRODUCTS_FACTS:no/148ms UPCITEMDB:SI/73ms	629	Libro en español (ISBN 978-84)
UPC-E	04963406	04963406	false	CodigoNoConsultable									0	Coca-Cola lata 12 oz (UPC-E)
EAN-8	96385074	96385074	true	Encontrado	UPCITEMDB	1000x Bucks Roblox	1000x Bucks Roblox	OK		https://i16.onbuy.com/product/1d6b5f1c220d4673a0c7244c304b5186-l30563835.jpg	ERROR UnknownHostException: i16.onbuy.com: Name or service not known	OPEN_FOOD_FACTS:no/151ms OPEN_BEAUTY_FACTS:no/151ms OPEN_PRODUCTS_FACTS:no/147ms UPCITEMDB:SI/71ms	523	Ejemplo de generador (puede no existir)
EAN-8	40170725	40170725	true	Encontrado	UPCITEMDB	2 PCS GORILLA GLUE 100% WATERPROOF 115ML MULTI PURPOSE STRONG ADHESIVE BOND  HIGH STRENGTH, TEMPERATURE RESISTANT	2 PCS GORILLA GLUE 100% WATERPROOF 115ML MULTI PURPOSE STRONG ADHESIVE BOND  HIG	OK	largo=113>80 (cortado a mitad de palabra); espacios dobles; todo mayúsculas	http://www.shopjustice.com/products/images/large/2932128_623.jpg	NO-HTTPS (DescargarFoto la descarta)	OPEN_FOOD_FACTS:no/151ms OPEN_BEAUTY_FACTS:no/151ms OPEN_PRODUCTS_FACTS:no/146ms UPCITEMDB:SI/75ms	527	Tic Tac (EAN-8 Ferrero)
GTIN-14	00041331124669	00041331124669	true	Encontrado	OPEN_FOOD_FACTS	Black Beans	Black Beans	OK		https://images.openfoodfacts.org/images/products/004/133/112/4669/front_en.141.400.jpg	200 image/jpeg 25755B	OPEN_FOOD_FACTS:SI/160ms	161	Goya Black Beans con ceros a la izquierda
GTIN-14	03017620422003	03017620422003	true	Encontrado	OPEN_FOOD_FACTS	Nutella	Nutella	OK		https://images.openfoodfacts.org/images/products/301/762/042/2003/front_en.879.400.jpg	200 image/jpeg 33108B	OPEN_FOOD_FACTS:SI/314ms	314	Nutella como GTIN-14
Entrada manual	 3017620422003 	3017620422003	true	Encontrado	OPEN_FOOD_FACTS	Nutella	Nutella	OK		https://images.openfoodfacts.org/images/products/301/762/042/2003/front_en.879.400.jpg	200 image/jpeg 33108B	OPEN_FOOD_FACTS:SI/314ms	315	Nutella con espacios
Entrada manual	301-7620-422003	3017620422003	true	Encontrado	OPEN_FOOD_FACTS	Nutella	Nutella	OK		https://images.openfoodfacts.org/images/products/301/762/042/2003/front_en.879.400.jpg	200 image/jpeg 33108B	OPEN_FOOD_FACTS:SI/297ms	297	Nutella con guiones
Entrada manual	0 41331 12466 9	041331124669	true	Encontrado	OPEN_FOOD_FACTS	Black Beans	Black Beans	OK		https://images.openfoodfacts.org/images/products/004/133/112/4669/front_en.141.400.jpg	200 image/jpeg 25755B	OPEN_FOOD_FACTS:SI/159ms	160	Goya escrito como en la etiqueta
Entrada manual	\t3017620422003\n	3017620422003	true	Encontrado	OPEN_FOOD_FACTS	Nutella	Nutella	OK		https://images.openfoodfacts.org/images/products/301/762/042/2003/front_en.879.400.jpg	200 image/jpeg 33108B	OPEN_FOOD_FACTS:SI/296ms	296	Nutella con tab/salto (lector externo)
Inválido	3017620422004	3017620422004	false	CodigoNoConsultable									0	Dígito de control erróneo
Inválido	0000000000000	0000000000000	true	Encontrado	UPCITEMDB	ORGANIC BLUE CORN TORTILLA CHIPS	ORGANIC BLUE CORN TORTILLA CHIPS	OK	todo mayúsculas	http://www.aveda.co.uk/media/images/products/600x600/000000000000_FRONT.jpg	NO-HTTPS (DescargarFoto la descarta)	OPEN_FOOD_FACTS:no/152ms OPEN_BEAUTY_FACTS:no/152ms OPEN_PRODUCTS_FACTS:no/148ms UPCITEMDB:SI/68ms	522	Todo ceros (dígito válido)
Inválido	2012345678903	2012345678903	true	NoEncontrado								OPEN_FOOD_FACTS:no/151ms OPEN_BEAUTY_FACTS:no/152ms OPEN_PRODUCTS_FACTS:no/147ms UPCITEMDB:no/68ms	521	Circulación restringida (peso/precio en tienda)
Inválido	0140449132	0140449132	false	CodigoNoConsultable									0	ISBN-10 (10 dígitos)
Inválido	12345678901	12345678901	false	CodigoNoConsultable									0	11 dígitos
Inválido	ABC-123	ABC123	false	CodigoNoConsultable									0	Código interno Code128
Inválido	https://spvi.cu/p?id=7	https://spvi.cu/p?id=7	false	CodigoNoConsultable									0	Texto de un QR
Inválido	123456789012345	123456789012345	false	CodigoNoConsultable									0	15 dígitos
